{
  "hash": "0c5a4374",
  "configHash": "82e7d149",
  "lockfileHash": "bd9a1411",
  "browserHash": "bd19279a",
  "optimized": {
    "vue": {
      "src": "../../../../node_modules/vue/dist/vue.runtime.esm-bundler.js",
      "file": "vue.js",
      "fileHash": "5c4b3cc9",
      "needsInterop": false
    },
    "vitepress > @vue/devtools-api": {
      "src": "../../../../node_modules/@vue/devtools-api/dist/index.js",
      "file": "vitepress___@vue_devtools-api.js",
      "fileHash": "0998a151",
      "needsInterop": false
    },
    "vitepress > @vueuse/core": {
      "src": "../../../../node_modules/@vueuse/core/index.mjs",
      "file": "vitepress___@vueuse_core.js",
      "fileHash": "7da51aa2",
      "needsInterop": false
    },
    "ant-design-vue": {
      "src": "../../../../node_modules/ant-design-vue/es/index.js",
      "file": "ant-design-vue.js",
      "fileHash": "e75c7854",
      "needsInterop": false
    },
    "@ant-design/icons-vue": {
      "src": "../../../../node_modules/@ant-design/icons-vue/es/index.js",
      "file": "@ant-design_icons-vue.js",
      "fileHash": "aa9321fc",
      "needsInterop": false
    }
  },
  "chunks": {
    "chunk-IYRRXOHU": {
      "file": "chunk-IYRRXOHU.js"
    },
    "chunk-LV3IR7LE": {
      "file": "chunk-LV3IR7LE.js"
    }
  }
}